Workbook

Sheet Sheet1

Sheet Лист1
A1: Врач\анализ | B1: Сумма | C1: Соответствие
A2: Врач-терапевт 2 каб | B2: 280 | C2: =IF(ISERROR(MATCH(A2,Sheet1!A:A,0))," ","+") | D2: СУММА
A3: Врач-психиатр 3 каб | B3: 300 | C3: =IF(ISERROR(MATCH(A3,Sheet1!A:A,0))," ","+") | D3: =SUMIF(C:C,"+",B:B) -> 0
A4: Врач-психиатр-нарколог 3 каб | B4: 300 | C4: =IF(ISERROR(MATCH(A4,Sheet1!A:A,0))," ","+")
A5: Врач-профпатолог__ каб | B5: 280 | C5: =IF(ISERROR(MATCH(A5,Sheet1!A:A,0))," ","+")
A6: Врач-невролог 7 каб | B6: 230 | C6: =IF(ISERROR(MATCH(A6,Sheet1!A:A,0))," ","+")
A7: Врач-гинеколог 9 каб | B7: 250 | C7: =IF(ISERROR(MATCH(A7,Sheet1!A:A,0))," ","+")
A8: Врач-оториноларинголог 6 каб | B8: 200 | C8: =IF(ISERROR(MATCH(A8,Sheet1!A:A,0))," ","+")
A9: Врач-дерматовенеролог 9 каб | B9: 200 | C9: =IF(ISERROR(MATCH(A9,Sheet1!A:A,0))," ","+")
A10: Врач-офтальмолог 4 каб | B10: 200 | C10: =IF(ISERROR(MATCH(A10,Sheet1!A:A,0))," ","+")
A11: Врач-хирург 8 каб | B11: 200 | C11: =IF(ISERROR(MATCH(A11,Sheet1!A:A,0))," ","+")
A12: Врач-стоматолог | B12: 300 | C12: =IF(ISERROR(MATCH(A12,Sheet1!A:A,0))," ","+")
A13: ОАК | B13: 370 | C13: =IF(ISERROR(MATCH(A13,Sheet1!C:C,0))," ","+")
A14: ОАМ | B14: 140 | C14: =IF(ISERROR(MATCH(A14,Sheet1!C:C,0))," ","+")
A15: Глюкоза | B15: 160 | C15: =IF(ISERROR(MATCH(A15,Sheet1!C:C,0))," ","+")
A16: Холестерин | B16: 185 | C16: =IF(ISERROR(MATCH(A16,Sheet1!C:C,0))," ","+")
A17: Взятие крови | B17: 170 | C17: =IF(ISERROR(MATCH(A17,Sheet1!C:C,0))," ","+")
A18: Онкоцитология | B18: 570 | C18: =IF(ISERROR(MATCH(A18,Sheet1!C:C,0))," ","+")
A19: Мазок на флору | B19: 350 | C19: =IF(ISERROR(MATCH(A19,Sheet1!C:C,0))," ","+")
A20: Взятие мазка | B20: 170 | C20: =IF(ISERROR(MATCH(A20,Sheet1!C:C,0))," ","+")
A21: Исследование уровня ретикулоцитов | B21: 170 | C21: =IF(ISERROR(MATCH(A21,Sheet1!C:C,0))," ","+")
A22: Исследование уровня метгемоглобина | B22: 850 | C22: =IF(ISERROR(MATCH(A22,Sheet1!C:C,0))," ","+")
A23: Исследование уровня тромбоцитов | B23: 245 | C23: =IF(ISERROR(MATCH(A23,Sheet1!C:C,0))," ","+")
A24: Исследование уровня дельта аминолевулиновой кислоты или копропорфирина в моче | B24: 800 | C24: =IF(ISERROR(MATCH(A24,Sheet1!C:C,0))," ","+")
... A42: анти-HBc-Ig | B42: 565 | C42: =IF(ISERROR(MATCH(A42,Sheet1!C:C,0))," ","+")
A43: ФОГ | B43: 700 | C43: =IF(ISERROR(MATCH(A43,Sheet1!B:B,0))," ","+")
A44: Глазное давление | B44: 120 | C44: =IF(ISERROR(MATCH(A44,Sheet1!B:B,0))," ","+")
A45: ЭКГ | B45: 280 | C45: =IF(ISERROR(MATCH(A45,Sheet1!B:B,0))," ","+")
A46: УЗИ малого таза | B46: 1200 | C46: =IF(ISERROR(MATCH(A46,Sheet1!B:B,0))," ","+")
A47: Мамография | B47: 950 | C47: =IF(ISERROR(MATCH(A47,Sheet1!B:B,0))," ","+")
A48: Спирометрия | B48: 370 | C48: =IF(ISERROR(MATCH(A48,Sheet1!B:B,0))," ","+")
A49: Пульсоксиметрия | B49: 100 | C49: =IF(ISERROR(MATCH(A49,Sheet1!B:B,0))," ","+")
A50: Биомикроскопия | B50: 150 | C50: =IF(ISERROR(MATCH(A50,Sheet1!B:B,0))," ","+")
A51: Визометрия | B51: 180 | C51: =IF(ISERROR(MATCH(A51,Sheet1!B:B,0))," ","+")
A52: Рентгенография длинных трубчатых костей | B52: 1000 | C52: =IF(ISERROR(MATCH(A52,Sheet1!B:B,0))," ","+")
A53: Офтальмоскопия глазного дна | B53: 150 | C53: =IF(ISERROR(MATCH(A53,Sheet1!B:B,0))," ","+")
A54: Тональная пороговая аудиометрия | B54: 440 | C54: =IF(ISERROR(MATCH(A54,Sheet1!B:B,0))," ","+")
... A69: Поля зрения | B69: 150 | C69: =IF(ISERROR(MATCH(A69,Sheet1!B:B,0))," ","+")
